start,Millbrae-Daly City,San Francisco,Berkeley,Oakland,Walnut Creek-Pittsburg/Bay Point,Fruitvale-Dublin/Pleasanton,Fremont
Millbrae-Daly City,89186.2887852,498080.139372,46201.3165676,59004.2429681,44366.5675508,35440.2510867,10991.0811322
San Francisco,461831.438115,1223045.97133,421322.708234,651408.208707,399253.176714,464065.531627,199614.446116
Berkeley,42670.5866905,415968.4562,170346.069645,121538.906685,38544.8007073,66194.2043117,33512.9390026
Oakland,53556.9150475,658133.789689,122679.906869,89591.8516068,89682.5237526,87717.5205113,43859.4018619
Walnut Creek-Pittsburg/Bay Point,39935.4810584,399712.102254,36931.2449622,88090.7606977,74740.5167172,54790.7141416,19608.9305646
Fruitvale-Dublin/Pleasanton,31958.5423945,467919.220581,66883.1641455,84795.4049407,59763.3918948,179915.359024,73369.632519
Fremont,9318.99250795,204854.161409,32597.0855404,43183.983056,20430.6441271,72409.1989767,51850.4653615
